노래 가,歌,か,うた
집 가,家,か、け,いえ、や
더할 가,加,か,くわえる、くわわる
거리 가,街,がい、かい,まち
값 가,価,か,あたい
옳을 가,可,か,
거짓 가,仮,か、け,かり
아름다울 가,佳,か,
가혹할 가,苛,か,いら
시렁 가,架,か,かける、かかる
시집갈 가,嫁,か,よめ、とつぐ
틈/겨를 가,暇,か,ひま
심을 가,稼,か,かせぐ
뿔 각,角,かく,かど、つの
각각 각,各,かく,おの
깨달을 각,覚,かく,おぼえる、さます、さめる
새길 각,刻,こく,きざむ
집 각,閣,かく,
물리칠 각,却,きゃく,
껍질 각,殻,かく,から
다리 각,脚,きゃく、きゃ,あし
사이 간,間,かん、けん,あいだ、ま
새길 간,刊,かん,
줄기 간,幹,かん,みき
방패 간,干,かん,ほす、ひる
볼 간,看,かん,
대쪽 간,簡,かん,
간 간,肝,かん,きも
개간할 간,墾,こん,
간절할 간,懇,こん,ねんごろ
꾸짖을 갈,喝,かつ,
목마를 갈,渇,かつ,かわく
칡 갈,葛,かつ,くず
갈색 갈,褐,かつ,
느낄 감,感,かん,
덜 감,減,げん,へる、へらす
달 감,甘,かん,あまい、あまえる、あまやかす、あまんじる
헤아릴 감,勘,かん,
감색 감,紺,こん,
견딜 감,堪,かん、たん,たえる
감히 감,敢,かん,あえて
볼 감,監,かん,
섭섭할 감,憾,かん,
거울 감,鑑,かん,かんがみる
갑옷 갑,甲,こう、かん,
곶 갑,岬,,みさき
강할 강,強,きょう、ごう,つよい、つよまる、つよめる、しいる
편안할 강,康,こう,
외울 강,講,こう,
내릴 강/항복할 항,降,こう,おりる、おろす、ふる
강철 강,鋼,こう,はがね
강 강,江,こう,え
언덕 강,岡,きゅう,おか
굳셀 강,剛,ごう,
벼리 강,綱,こう,つな
열 개,開,かい,ひらく、ひらける、あく、あける
고칠 개,改,かい,あらためる、あらたまる
낱 개,個,こ,
끼일 개,介,かい,
다 개,皆,かい,みな
분개할 개,慨,がい,
덮을 개,蓋,がい,ふた
낱 개,箇,か,
대개 개,概,がい,
손 객,客,きゃく、かく,
구덩이 갱,坑,こう,
갈 거,去,きょ、こ,さる
들 거,挙,きょ,あがる、あげる
살 거,居,きょ,いる
클 거,巨,きょ,
막을 거,拒,きょ,こばむ
근거 거,拠,きょ,
일할 거,据,,すえる、すわる
떨어질 거,距,きょ,
옷자락 거,裾,,すそ
세울 건,建,けん、こん,たてる、たつ
굳셀 건,健,けん,すこやか
물건 건,件,けん,
수건 건,巾,きん,
마를 건,乾,かん,かわく、かわかす
열쇠 건,鍵,けん,かぎ
빌 걸,乞,,こう
뛰어날 걸,傑,けつ,
검사할 검,検,けん,
검소할 검,倹,けん,
칼 검,剣,けん,つるぎ
걸 게,掲,けい,かかげる
쉴 게,憩,けい,いこう
격식 격,格,かく、こう,
격할 격,激,げき,はげしい
사이뜰 격,隔,かく,へだてる、へだたる
칠 격,撃,げき,うつ
개 견,犬,けん,いぬ
볼 견,見,けん,みる、みえる、みせる
비단 견,絹,けん,きぬ
어깨 견,肩,けん,かた
굳을 견,堅,けん,かたい
보낼 견,遣,けん,つかう、つかわす
고치 견,繭,けん,まゆ
결단할 결,決,けつ,きめる、きまる
이지러질 결,欠,けつ,かける、かく、かかす
맺을 결,結,けつ,むすぶ、ゆう、ゆわえる
깨끗할 결,潔,けつ,いさぎよい
겸할 겸,兼,けん,かねる
겸손할 겸,謙,けん,
낫 겸,鎌,,かま
서울 경,京,きょう、けい、きん,
가벼울 경,軽,けい,かるい、かろやか
지름길/ 길 경,径,けい,
볕 경,景,けい,
거울 경,鏡,きょう,かがみ
다툴 경,競,けい、きょう,きそう、せる
지날/ 글 경,経,けい、きょう,へる
밭 갈 경,耕,こう,たがやす
지경 경,境,きょう、けい,さかい
공경할 경,敬,けい,うやまう
깨우칠 경,警,けい,
줄기 경,茎,けい,くき
고칠 경/ 다시 갱,更,こう,さら、ふける、ふかす
잠깐 경,頃,,ころ
줄기 경,梗,こう、きょう,
굳을 경,硬,こう,かたい
기울 경,傾,けい,かたむく、かたむける
경사 경,慶,けい,
깨달을 경,憬,けい,
고래 경,鯨,げい,くじら
놀랄 경,驚,きょう,おどろく、おどろかす
셀 계,計,けい,はかる、はかろう
맬 계,係,けい,かかる、かかり
지경 계,界,かい,
섬돌 계,階,かい,
계절 계,季,き,
기계 계,械,かい,
이을 계,系,けい,
이를 계,届,,とどける、とどく
경계할 계,戒,かい,いましめる
맺을 계,契,けい,ちぎる
열 계,啓,けい,
시내 계,渓,けい,
이을 계,継,けい,つぐ
머무를 계,稽,けい,
닭 계,鶏,けい,にわとり
옛 고,古,こ,ふるい、ふるす
생각할 고,考,こう,かんがえる
높을 고,高,こう,たかい、たか、たかまる、たかめる
쓸 고,苦,く,くるしい、くるしむ、くるしめる、にがい
곳집 고,庫,こ、く,
고할 고,告,こく,つげる
굳을 고,固,こ,かたい、かたまる、かためる
연고 고,故,こ,ゆえ
꽁무니 고,尻,,しり
넓적다리 고,股,こ,また
외로울 고,孤,こ,
칠 고,拷,ごう,
마를 고,枯,こ,かれる、からす
품 팔 고,雇,こ,やとう
북 고,鼓,こ,つづみ
원고 고,稿,こう,
막을 고,錮,こ,
돌아볼 고,顧,こ,かえりみる
골짜기 곡,谷,こく,たに
굽을 곡,曲,きょく,まがる、まげる
곡식 곡,穀,こく,
곤할 곤,困,こん,こまる
벌레 곤,昆,こん,
뼈 골,骨,こつ,ほね
빌 공,空,くう,そら、から、あく、あける
장인 공,工,こう,
공평할 공,公,こう,おおやけ
공 공,功,こう,
한가지 공,共,きょう,とも
이바지할 공,供,きょう、く,とも、そなえる
구멍 공,孔,こう,
칠 공,攻,こう,せめる
두려울 공,恐,きょう,おそれる、おそろしい
공손할 공,恭,きょう,うやうやしい
바칠 공,貢,こう、く,みつぐ
당길 공,控,こう,ひかえる
과목 과,科,か,
실과 과,果,か,はたす、はてる
공부할 과,課,か,
지날 과,過,か,すぎる、すごす、あやまつ
과자 과,菓,か,
자랑할 과,誇,こ,ほこる、ほこらしい
적을 과,寡,か,
냄비 과,鍋,,なべ
둘레 곽,郭,かく,
집 관,館,かん,
벼슬 관,官,かん,
대롱 관,管,かん,くだ
관계할 관,関,かん,せき、かかわる
볼 관,観,かん,
익숙할 관,慣,かん,なれる、ならす
꿸 관,串,,くし
두레박 관,缶,かん,
갓 관,冠,かん,かんむり
꿸 관,貫,かん,つらぬく
널 관,棺,かん,ひつぎ
항목 관,款,かん,
너그러울 관,寛,かん,くつろぐ
묶을 괄,括,かつ,くくる
넓을 광,広,こう,ひろい、ひろまる、ひろめる、ひろがる、ひろげる
빛 광,光,こう,ひかる、ひかり
쇳돌 광,鉱,こう,
미칠 광,狂,きょう,くるう、くるおしい
걸 괘,掛,,かける、かかる
괴이할 괴,怪,かい,あやしい、あやしむ
후릴 괴,拐,かい,
덩어리 괴,塊,かい,かたまり
무너질 괴,壊,かい,こわす、こわれる
학교 교,校,こう,
사귈 교,交,こう,まじわる、まじえる、まざる、かう、かわす
가르칠 교,教,きょう,おしえる、おそわる
다리 교,橋,きょう,はし
공교할 교,巧,こう,たくみ
들 교,郊,こう,
목맬 교,絞,こう,しぼる、しめる、しまる
견줄 교,較,かく,
바로잡을 교,矯,きょう,ためる
아홉 구,九,きゅう、く,ここの、ここのつ
입 구,口,こう、く,くち
구분할 구,区,く,
연구할 구,究,きゅう,きわめる
갖출 구,具,ぐ,そなわる
공 구,球,きゅう,たま
구할 구,求,きゅう,もとめる
구원할 구,救,きゅう,すくう
오랠 구,久,きゅう、く,ひさしい
글귀 구,句,く,
예 구,旧,きゅう,
얽을 구,構,こう,かまえる、かまう
굽을 구,勾,こう,
언덕 구,丘,こう,おか
절구 구,臼,きゅう,うす
때릴 구,殴,おう,なぐる
구라파 구,欧,おう,
잡을 구,拘,こう,
두려워할 구,惧,ぐ,
몰 구,駆,く,かける、かる
도랑 구,溝,こう,みぞ
망아지 구,駒,,こま
살 구,購,こう,
나라 국,国,こく,くに
판 국,局,きょく,
국화 국,菊,きく,
임금 군,君,くん,きみ
군사 군,軍,ぐん,
고을 군,郡,ぐん,
무리 군,群,ぐん,むれる、むら
굽힐 굴,屈,くつ,
팔 굴,掘,くつ,ほる
굴 굴,堀,,ほり
굴 굴,窟,くつ,
활 궁,弓,きゅう,ゆみ
집 궁,宮,きゅう、ぐう、く,みや
다할/ 궁할 궁,窮,きゅう,きわめる、きわまる
문서 권,券,けん,
책 권,巻,かん,まく、まき
권세 권,権,けん、ごん,
주먹 권,拳,けん,こぶし
우리 권,圏,けん,
권할 권,勧,かん,すすめる
책상 궤,机,き,つくえ
바퀴자국 궤,軌,き,
무너질 궤,潰,かい,つぶす、つぶれる
돌아갈 귀,帰,き,かえる、かえす
귀할 귀,貴,き,たっとい、たっとぶ、とうとい、とうとぶ
귀신 귀,鬼,き,おに
거북 귀/ 터질 균,亀,き,かめ
법 규,規,き,
부르짖을 규,叫,きょう,さけぶ
규탄할 규,糾,きゅう,
고를 균,均,きん,
버섯 균,菌,きん,
다할 극,極,きょく、ごく,きわめる、きわまる、きわみ
심할 극,劇,げき,
이길 극,克,こく,
틈 극,隙,げき,すき
가까울 근,近,きん,ちかい
뿌리 근,根,こん,ね
부지런할 근,勤,きん,つとめる、つとまる
힘줄 근,筋,きん,すじ
근 근,斤,きん,
겨우 근,僅,きん,わずか
삼갈 근,謹,きん,つつしむ
쇠 금,金,きん、こん,かね、かな
이제 금,今,こん、きん,いま
금할 금,禁,きん,
거문고 금,琴,きん,こと
비단 금,錦,きん,にしき
옷깃 금,襟,きん,えり
급할 급,急,きゅう,いそぐ
등급 급,級,きゅう,
줄 급,給,きゅう,
미칠 급,及,きゅう,およぶ、および、およぼす
미칠 급,扱,,あつかう
즐길 긍,肯,こう,
기운 기,気,き、け,
물 끓는 김 기,汽,き,
기록할 기,記,き,しるす
기약할 기,期,き、ご,
일어날 기,起,き,おきる、おこる、おこす
벼리 기,紀,き,
기 기,旗,き,はた
그릇 기,器,き,うつわ
베틀 기,機,き,はた
재주 기,技,ぎ,わざ
부칠 기,寄,き,よる、よせる
터 기,基,き,もと、もとい
몸 기,己,こ、き,おのれ
꾀할 기,企,き,くわだてる、たくらむ
살 기,肌,,はだ
재간 기,伎,ぎ、き,
갈림길 기,岐,き,
꺼릴 기,忌,き,いむ、いまわしい
기특할 기,奇,き,
빌 기,祈,き,いのる
이미 기,既,き,すでに
주릴 기,飢,き,うえる
갑 기,埼,,さい
험할 기,崎,,さき
몇 기,幾,き,いく
바둑 기,棋,き,
속일 기,欺,ぎ,あざむく
바둑 기,碁,ご,
버릴 기,棄,き,
경기 기,畿,き,
말탈 기,騎,き,
긴할 긴,緊,きん,
길할 길,吉,きち、きつ,
먹을 끽,喫,きつ,
어찌 나,那,な,
어찌 나,奈,な,
허락할 낙,諾,だく,
어려울 난,難,なん,かたい、むずかしい
따뜻할 난,暖,だん,あたたか、あたたかい、あたたまる、あたためる
사내 남,男,だん、なん,おとこ
남녘 남,南,なん,みなみ
들일 납,納,のう、なつ,おさまる、おさめる
여자 낭,娘,,むすめ
안 내,内,ない、だい,うち
향내 내,匂,,みおう
견딜 내,耐,たい,たえる
여자 녀,女,じょ、にょ、にょう,おんな
해 년,年,ねん,とし
생각 념,念,ねん,
편안할 녕,寧,ねい,
힘쓸 노,努,ど,つとめる
종 노,奴,ど,やつ、やっこ
성낼 노,怒,ど,いかる、おこる
농사 농,農,のう,
짙을 농,濃,のう,こい
골 뇌,脳,のう,
번뇌할 뇌,悩,のう,なやむ、なやます、なやましい
오줌 뇨,尿,にょう,
능할 능,能,のう,
여승 니,尼,に,あま
진흙 니,泥,でい,どろ
숨길 닉,匿,とく,
많을 다,多,た,おおい
짧을 단,短,たん,みじかい
홑 단,単,たん,
둥글 단,団,だん、とん,
끊을 단,断,だん,たつ、ことわる
층계 단,段,だん,
붉을 단,丹,たん,
아침 단,旦,たん、だん,
다만 단,但,,ただし
끝 단,端,たん,はし、は、はた
단 단,壇,だん、たん,
쇠 불릴 단,鍛,たん,きたえる
통달할 달,達,たつ,
말씀 담,談,だん,
멜 담,担,たん,かつぐ、になう
쓸개 담,胆,たん,
맑을 담,淡,たん,あわい
흐릴 담,曇,どん,くもる
대답할 답,答,とう,こたえる
밟을 답,踏,とう,ふむ、ふまえる
마땅할 당,当,とう,あたる、あてる
집 당,堂,どう,
무리 당,党,とう,
엿 당,糖,とう,
당나라/ 당황할 당,唐,とう,から
큰 대,大,だい、たい,おお、おおいに、おおきい
대 대/ 태풍 태,台,だい、たい,
대신할 대,代,だい、たい,かわる、かえる、よ、しろ
대할 대,対,たい、つい,
기다릴 대,待,たい,まつ
띠 대,帯,たい,おびる、おび
무리 대,隊,たい,
빌릴 대,貸,たい,かす
자루 대,袋,たい,ふくろ
일 대,戴,たい,いただく
큰 덕,徳,とく,
칼 도,刀,とう,かたな
그림 도,図,ず、と,はかる
길 도,道,どう、とう,みち
법도 도,度,ど、と、たく,たび
섬 도,島,とう,しま
도읍 도,都,と、つ,みやこ
무리 도,徒,とどう,
인도할 도,導,とう,みちびく
이를 도,到,ちょう,いたる
돋울 도,挑,とう,いどむ
도망할 도,逃,とう,にげる、にがす、のがす、のがれる
넘어질 도,倒,とう,たおれる、たおす
길 도,途,と,
복숭아 도,桃,とう,もも
슬퍼할 도,悼,とう,いたむ
도둑 도,盗,とう,ぬすむ
질그릇 도,陶,とう,
건널 도,渡,と,わたる、わたす
뛸 도,跳,ちょう,はねる、とぶ
칠할 도,塗,と,ぬる
벼 도,稲,とう,いね、いな
내기 도,賭,と,かける
읽을 독,読,どく、とく、とう,よむ
독 독,毒,どく,
홀로 독,独,どく,ひとり
감독할 독,督,とく,
도타울 독,篤,とく,
돼지 돈,豚,とん,ぶた
조아릴 돈,頓,とん,
갑자기 돌,突,とつ,つく
겨울 동,冬,とう,ふゆ
한가지 동,同,どう,おなじ
동녘 동,東,とう,ひがし
움직일 동,動,どう,うごく、うごかす
아이 동,童,どう,わらべ
일할 동,働,どう,はたらく
구리 동,銅,どう,
골 동/밝을 통,洞,どう,ほら
얼 동,凍,とう,こおる、こごえる
몸통 동,胴,どう,
마룻대 동,棟,とう,むね、むな
동경할 동,憧,どう、しょう,あこがれる
눈동자 동,瞳,どう,ひとみ
머리 두,頭,とう、ず、と,あたま、かしら
콩 두,豆,とう、ず,まめ
말 두,斗,ととう,
역질 두,痘,とん,
진칠 둔,屯,どん,
둔할 둔,鈍,とく,にぶい、にぶる
얻을 득,得,とう、と,える、うる
오를 등,登,とう,のぼる
무리 등,等,とうとう,ひとしい
등불 등,灯,とう,ひ
베낄 등,謄,とう,
등나무 등,藤,とう,ふじ
오를 등,騰,とう,
벗을 라,裸,ら,はだか
벌일 라,羅,ら,
즐길 락/노래 악,楽,らく、がく,たのしい、たのしむ
떨어질 락,落,らく,おちる、おとす
이을/얽을 락,絡,らく,からむ、からまる、からめる
쇠젖 락,酪,らく,
알 란,卵,らん,たまご
어지러울 란,乱,らん,みだれる、みだす
난간 란,欄,らん,
매울 랄,辣,らつ,
볼 람,覧,らん,
남기 람,嵐,らん,あらし
넘칠 람,濫,らん,
쪽 람,藍,らん,あい
끌 랍,拉,ら,
밝을 랑,朗,ろう,ほがらか
사내 랑,郎,ろう,
물결 랑,浪,ろう,
행랑 랑,廊,ろう,
올 래,来,らい,くる、きたる、きたす
찰 랭,冷,れい,つめたい、ひえる、ひや、ひやす、ひやかす、ひめる、さます
간략할 략,略,りゃく,
두 량,両,りょう,
어질 량,良,りょう,よい
헤아릴 량,量,りょう,はかる
서늘할 량,涼,りょう,すずしい、すずむ
양식 량,糧,りょう、ろう,かて
나그네 려,旅,りょ,たび
어그러질 려,戻,れい,もどす、もどる
음률 려,呂,ろ,
힘쓸 려,励,れい,はげむ、はげます
짝 려,侶,りょ,
생각할 려,慮,りょ,
고울 려,麗,れい,うるわしい
힘 력,力,りょく、りき,ちから
지낼 력,歴,れき,
책력 력,暦,れき,こよみ
익힐 련,練,れん,ねる
잇닿을 련,連,れん,つらなる、つらねる、つれる
그리워할 련,恋,れん,こう、こい、こいしい
불릴/단련할 련,錬,れん,ねる
벌일 렬,列,れつ,
못할 렬,劣,れつ,おとる
매울 렬,烈,れつ,
찢을 렬,裂,れつ,さく、さける
청렴할 렴,廉,れん,
사냥 렵,猟,りょう,
하여금 령,令,れい,
거느릴 령,領,りょう,
방울 령,鈴,れい、りん,すず
떨어질 령/영 령,零,れい,
신령 령,霊,れい、りょう,たま
나이 령,齢,れい,
예도 례,礼,れい、らい,
법식 례,例,れい,たどえる
종 례,隷,れい,
길 로,路,ろ,じ
늙을 로,老,ろう,おいる、ふける
일할 로,労,ろう,
화로 로,炉,ろ,
사로잡을 로,虜,りょ,とりこ
이슬 로,露,ろ、ろう,つゆ
푸를 록,緑,りょく、ろく,みどり
기록할 록,録,ろく,
사슴 록,鹿,ろく,しか、か
산기슭 록,麓,ろく,ふもと
논할 론,論,ろん,
희롱할 롱,弄,ろう,もてあそぶ
비 올 롱,滝,,たき
대바구니 롱,籠,ろう,かご、こもる
우레 뢰,雷,らい,かみなり
뇌물 뢰,賂,ろ,まいない
의뢰할 뢰,頼,らい,たのむ、たのもしい、たよる
여울 뢰,瀬,,せ
헤아릴 료,料,りょう,
마칠 료,了,りょう,
동료 료,僚,りょう,
동관 료,寮,りょう,
병 고칠 료,療,りょう,
밝을 료,瞭,りょう,
용 룡,竜,りゅう,たつ
눈물 루,涙,るい,なみだ
여러/자주 루,累,るい,
보루 루,塁,るい,
다락 루,楼,ろう,
샐 루,漏,ろう,もる、もれる、もらす
흐를 류,流,りゅう、る,ながれる、ながす
무리 류,類,るい,
머무를 류,留,りゅう、る,とめる、とまる、とどまる
버들 류,柳,りゅう,やなぎ
유황 류,硫,りゅう,
맑은 유리 류,瑠,る,
뭍 륙,陸,りき,
바퀴 륜,輪,りん,わ
인륜 륜,倫,りん,
비율 률/거느릴 솔,率,りつ、そつ,ひきいる
법칙 률,律,りつ、りち,
떨릴 률,慄,りつ,
높을 륭 ,隆,りゅう,
언덕 릉,陵,りょう,みささぎ
다스릴 리,理,り,
마을 리,里,り,さと
이로울 리,利,り,きく
속 리,裏,り,うら
관리 리,吏,り,
이 리,厘,りん,
배나무 리,梨,り,なし
설사 리,痢,り,
밟을 리,履,り,はく
유리 리,璃,り,
떠날 리,離,り,はなれる、はなす
이웃 린,隣,りん,となり、となる
수풀 림,林,りん,はやし
임할 림,臨,りん,のぞむ
설 립,立,りつ、りゅう,たつ、たてる
낟알 립,粒,りゅう,つぶ
말 마,馬,ば,うま、ま
삼 마,麻,ま,あさ
문지를 마,摩,ま,
갈 마,磨,ま,みがく
마귀 마,魔,ま,
장막 막,幕,まく,
넓을/사막 막,漠,ばく,
꺼풀/막 막,膜,まく,
일만 만,万,まん、ばん,
찰 만,満,まん,みちる、みたす
늦을 만,晩,ばん,
오랑캐 만,蛮,ばん,
물굽이 만,湾,わん,
흩어질 만,漫,まん,
거만할 만,慢,まん,
끝 말,末,まつ、ばつ,すえ
지울 말,抹,まつ,
바랄 망,望,ぼう、もう,のぞむ
망할 망,亡,ぼう、もう,ない
잊을 망,忘,ぼう,わすれる
바쁠 망,忙,ぼう,いそがしい
망령될 망,妄,もう,
그물 망,網,もう,あみ
매양 매,毎,まい,
팔 매,売,ばい,うる、うれる
누이 매,妹,まい,いもうと
살 매,買,ばい,かう
매화 매,梅,ばい,うめ
낱 매,枚,まい,
어두울 매,昧,まい,
묻을 매,埋,まい,うめる、うまる、うもれる
중매 매,媒,ばい,
매혹할 매,魅,み,
꾸짖을 매,罵,ば,ののしる
보리 맥,麦,ばく,むぎ
줄기 맥,脈,みゃく,
맹세 맹,盟,めい,
소경/ 눈 멀 맹,盲,もう,
사나울 맹,猛,もう,
낮 면,面,めん,おも、おもて、つら
힘쓸 면,勉,べん,
솜 면,綿,めん,わた
면할 면,免,めん,まぬかれる
잘 면,眠,みん,ねむる、ねむい
밀가루 면,麺,めん,
꺼질/ 멸할 멸,滅,めつ,ほろびる、ほろぼす
업신여길 멸,蔑,べつ,さげすむ
이름 명,名,めい、みょう,な
밝을 명,明,みょう、めい,あかり、あかるい、あかるむ、あからむ、あきらか、あくる、あける、あく、あかす
울 명,鳴,めい,なる、なく、ならす
그릇 명,皿,,さら
목숨 명,命,めい、みょう,いのち
어두울 명,冥,めい、みょう,
새길 명,銘,めい,
터럭 모,毛,もう,け
어머니 모,母,ぼ,はは
본뜰 모,模,も、ぼ,
저물 모,暮,ぼ,くれる、くらす
창 모,矛,む,ほこ
업신여길 모,侮,ぶ,あなどる
무릅쓸 모,冒,ぼう,おかす
아무 모,某,ぼう,
소모할 모,耗,もう、こう,へらす、へる
모을/뽑을 모,募,ぼ,つのる
모자 모,帽,ぼう,
그릴 모,慕,ぼ,したう
모양 모,貌,ぼう,かお、かたち
꾀 모,謀,ぼう、む,はかる
나무 목,木,もく、ぼく,き、こ
눈 목,目,もく、ぼく,め、ま
칠 목,牧,ぼく,まき
화목할 목,睦,ぼく,むつまじい
빠질 몰,没,ぼつ,
꿈 몽,夢,む,ゆめ
무덤 묘,墓,ぼ,はか
묘할 묘,妙,みょう,
모 묘,苗,びょう、みょう,なえ、なわ
이랑 묘,畝,,うね、せ
그릴 묘,描,びょう,えがく、かく
고양이 묘,猫,びょう,ねこ
없을 무,無,む、ぶ,ない
호반 무,武,ぶ、む,
힘쓸 무,務,む,つとめる、つとまる
무역할 무,貿,ぼう,
무성할 무,茂,も,しげる
춤출 무,舞,ぶ,まう、まい
안개 무,霧,む,きり
먹 묵,墨,ぼく,すみ
잠잠할 묵,黙,もく,だまる
글월 문,文,ぶん、もん,ふみ
문 문,門,もん,かど
들을 문,聞,ぶん、もん,きく、きこえる
물을 문,問,もん,とう、とん
모기 문,蚊,,か
무늬 문,紋,もん,
물건 물,物,ぶつ、もつ,もの
쌀 미,米,べい、まい,こめ
아름다울 미,美,び,うつくしい
맛 미,味,み,あじ、あじわう
아닐 미,未,み,
미혹할 미,迷,めい,まよう
꼬리 미,尾,び,お
미륵 미,弥,み,や
눈썹 미,眉,び、み,まゆ
작을 미,微,び,
수수께끼 미,謎,,なぞ
백성 민,民,みん,たみ
민감할 민,敏,びん,
빽빽할 밀,密,みつ,
꿀 밀,蜜,みつ,
넓을 박,博,はく、ばく,
성씨 박,朴,ぼく,
머무를/ 배 댈 박,泊,はく,とまる、とめる
칠 박,拍,はく、ひょう,
핍박할 박,迫,はく,せまる
벗길 박,剝,はく,はがす、はぐ、はがれる、むく
배 박,舶,はく,
칠 박,撲,ぼく,
엷을 박,薄,はく,うすい、うすまる、うすめる、うすらぐ、うすれる、すすき、せまる
얽을 박,縛,ばく,しばる
반 반,半,はん,なかば
돌이킬 반,反,はん、ほん、たん,そる、そらす
돌이킬 반,返,へん,かえす、かえる
밥 반,飯,はん,ぬし
나눌 반,班,はん,
짝 반,伴,はん、ばん,ともなう
밭두둑 반,畔,はん,あぜ、ほとり
일반 반,般,はん,
얼룩 반,斑,はん,まだら、ぶち
옮길 반,搬,はん,
나눌 반,頒,はん,
소반 반,盤,ばん,
필 발,発,はつ,
뽑을 발,抜,ばつ,ぬかす、ぬく、ぬける、ぬかる
우쩍 일어날 발,勃,ぼつ,おこる
바리때 발,鉢,はち,
터럭 발,髪,はつ,かみ
모 방,方,ほう,かた
놓을 방,放,ほう,はなつ、はなれる、はなす、ほうる
찾을 방,訪,ほう,おとずれる、たずねる
막을 방,防,ぼう,ふせぐ
방해할 방,妨,ぼう,さまたげる
나라 방,邦,ほう,くに
꽃다울 방,芳,ほう,かんばしい、よし
동네 방,坊,ぼう、ぼっ,
방 방,房,ぼう,ふさ
살찔 방,肪,ぼう,
본뜰 방,倣,ほう,ならう
길쌈 방,紡,ぼう,つむぐ
곁 방,傍,ぼう,かたわら、そば
나눌 배,配,はい,くばる
곱 배,倍,ばい,
절 배,拝,はい,おがむ
등 배,背,はい,せ、せい、そむく、そむける
배우 배,俳,はい,
잔 배,杯,はい,さかずき
배척할 배,排,はい,
모실 배,陪,ばい,
배양할 배,培,ばい,つちかう
무리 배,輩,はい,
물어줄 배,賠,ばい,
흰 백,白,はく、びゃく,しる、しら、しろい
일백 백,百,ひゃく,
맏 백,伯,はく,
차례 번,番,ばん,
번성할 번,繁,はん,
번거로울 번,煩,はん、ぼん,わずらう、わずらわす、わずらわしい
울타리 번,藩,はん,まがき
번역할 번,翻,ほん,ひるがえる、ひるがえす
칠 벌,伐,ばつ,うつ、きる
벌할 벌,罰,ばつ、ばち,
문벌 벌,閥,ばつ,
범할 범,犯,はん,おかす
무릇 범,凡,はん、ぼん,およそ、すべて
넘칠 범,氾,はん,
넓을 범,汎,はん,
돛 범,帆,はん,ほ
법 범,範,はん,のり
법 법,法,ほう、ほっ、はっ,
벽 벽,壁,へき,かべ
버릇 벽,癖,へき,くせ
구슬 벽,璧,へき,
가 변,辺,へん,あたり、べ
변할 변,変,へん,かわる、かえる
말씀 변,弁,べん,
나눌 별,別,べつ,わかれる
병 병,病,びょう、へい,やむ、やまい
병사 병,兵,へい,
나란히 병,並,へい,なみ、ならべる、ならぶ、ならびに
남녘 병,丙,へい,
아우를 병,併,へい,あわせる、しかし
자루 병,柄,へい,え、がら、つか
병 병,瓶,びん,
담 병,塀,へい,
떡 병,餅,へい,もち
걸음 보,歩,ほ、ぶ、ふ,あるく、あゆむ
지킬 보,保,ほ,たもつ
갚을 보,報,ほう,しらせる、むくいる
보배 보,宝,ほう,たから
기울 보,補,ほ,おぎなう
넓을 보,普,ふ,
족보 보,譜,ふ,
옷 복,服,ふく,
복 복,福,ふく,
회복할 복/ 다시 부,復,ふく,
겹칠 복,複,ふく,
배 복,腹,ふく,はら
엎드릴 복,伏,ふく,ふせる、ふす
종 복,僕,ぼく,
뒤집힐 복/ 덮을 부,覆,ふく,おおう、くつがえす、くつがえる
근본 본,本,ほん,もと
막대 봉,棒,ぼう,
받들 봉,奉,ぶ、ほう,たてまつる
봉할 봉,封,ふう、ほう,
녹 봉,俸,ほう,
봉우리 봉,峰,ほう,みね
벌 봉,蜂,ほう,はち
꿰맬 봉,縫,ほう,ぬう
아비 부,父,ふ,ちち
질 부,負,ふ,まける、まかす、おう
떼 부,部,ぶ,べ
지아비 부,夫,ふ、ふう,おっと
줄 부,付,ふ,つく、つける
마을 부,府,ふ,
버금 부,副,ふく,
며느리 부,婦,ふ,
부유할 부,富,ふ、ふう,とむ、とみ
아닐 부,否,ひ,いな
도울 부,扶,ふ,おもむく
언덕 부,阜,ふ,
붙을 부,附,ふ,つく、つける
갈 부,赴,ふ,おもむく
부고 부,訃,ふ,
뜰 부,浮,ふ,うく、うかれる、うかぶ、うかべる
쪼갤 부,剖,ぼう,
가마솥 부,釜,ふ,かま
부호 부,符,ふ,
썩을 부,腐,ふ,くさる、くされる、くさらす
펼 부,敷,ふ,しく
부세 부,賦,ふ,
살갗 부,膚,ふ,はだ
문서 부,簿,ぼ,
북녘 북/ 달아날 배,北,ほく,きた
나눌 분,分,ぶん、ふん、ぶ,わける、わかれる、わかる、わかつ
가루 분,粉,ふん,こ、こな
떨칠 분,奮,ふん,ふるう
달릴 분,奔,ほん、はしる,
동이 분,盆,ぼん,
어지러울 분,紛,ふん,まぎれる、まぎらす、まぎらわす、まぎらわしい
눈날릴 분,雰,ふん,
뿜을 분,噴,ふん,ふく
분할 분,憤,ふん,いきどおる
무덤 분,墳,ふん,
아니 불/ 아니 부,不,ふ、ぶ,
부처 불,仏,ぶつ,ほとけ
떨칠 불,払,ふつ,はらう
무너질 붕,崩,ほう,くずれる、くずす
사다리 붕,棚,たな,
슬플 비,悲,ひ,かなしい、かなしむ
코 비,鼻,び,はな
날 비,飛,ひ,とぶ、とばす
쓸 비,費,ひ,ついやす、ついえる
견줄 비,比,ひ,くらべる
아닐 비,非,ひ,
살찔 비,肥,ひ,こえる、こえ、こやす
갖출 비,備,び,そなえる、そなわる
비평할 비,批,ひ,
숨길 비,秘,ひ,ひめる
왕비 비,妃,ひ,
끓을 비,沸,ふつ,わく、わかす
분비할 비/ 스며흐를 필,泌,ひ、ひつ,
낮을 비,卑,ひ,いやしい、いやしむ、いやしめる
사립문 비,扉,ひ,とびら
비석 비,碑,ひ,いしぶみ
가난할 빈,貧,ひん、びん,まずしい
물가 빈,浜,ひん,はま
손 빈,賓,ひん,
자주 빈,頻,ひん,
얼음 빙,氷,ひょう,こおり、ひ
넉 사,四,し、よ、よつ、よん,
실 사,糸,し,いと
절 사,寺,じ,てら
모일 사,社,しゃ,やしろ
생각 사,思,し,おもう
베낄 사,写,しゃ,うつす、うつる
섬길 사,仕,し,つかえる
죽을 사,死,し,しぬ
일 사,事,じ、ず,こと
하여금 사,使,し,つかう
선비 사,士,し,
사기 사,史,し,
맡을 사,司,し,つかさどる
말씀 사,辞,じ,やめる
닮을 사,似,じ,にる
집 사,舎,しゃ,
조사할 사,査,さ,
스승 사,師,し,
기를 사,飼,し,かう
사례할 사,謝,しゃ,あやまる
사사로울 사,私,し,わたくし、わたし
모래 사,砂,さ、しゃ,すな
쏠 사,射,しゃ,いる
버릴 사,捨,しゃ,すてる
말 사,詞,し,
모래 사,沙,さ,すな
엿볼 사,伺,し,うかがう
간사할 사,邪,じゃ,
풀 사,卸,,おろす、おろし
부추길 사,唆,さ,そそのかす
비스듬할 사,斜,しゃ,ななめ
뱀 사,蛇,じゃ、だ,へび
용서할 사,赦,しゃ,
속일 사,詐,さ,
이을 사,嗣,し,つぐ
줄 사,賜,し,たまわる
깎을 삭,削,さく,けずる
뫼 산,山,さん,やま
셈 산,算,さん,
낳을 산,産,さん,うむ、うまれる、うぶ
흩을 산,散,さん,ちる、ちらす、ちらかす、ちらかる
실 산,酸,さん,すい
우산 산,傘,さん,かさ
죽일 살/ 덜 쇄,殺,さつ、さい、せつ,ころす
석 삼,三,さん,み、みつ
수풀 삼,森,しん,もり
삼나무 삼,杉,,すぎ
꽂을 삽,挿,そう,さす
떫을 삽,渋,じゅう,しぶ、しぶい、しぶる
윗 상,上,じょう,うえ、うわ、かみ、あげる、あがる、のぼる
장사 상,商,しょう,あきなう
서로 상,相,そう、しょう,あい
생각 상,想,そう、そ,おもう
상자 상,箱,,はこ
코끼리 상,象,しょう、ぞう,
상줄 상,賞,しょう,ほめる、めでる
형상 상/ 문서 장,状,じょう,
항상 상,常,じょう,つね、とこ
모양 상,像,ぞう,
다칠 상,傷,しょう,きず、いたむ、いためる
평상 상,床,しょう,とこ、ゆか
오히려 상,尚,しょう,
상서로울 상,祥,しょう,
뽕나무 상,桑,そう,くわ
시원할 상,爽,そう,さわやか
잃을 상,喪,そう,も
자세할 상,詳,しょう,くわしい
갚을 상,償,しょう,つぐなう
서리 상,霜,そう,しも
옥새 새,璽,じ,
빛 색,色,しょく、しき,いろ
찾을 색/ 동아줄 삭,索,さく,
막힐 색/ 변방 새,塞,そく、さい,ふさぐ、ふさがる
날 생,生,せい、しょう,いきる、いかす、いける、うまれる、はえる、なま
희생 생,牲,せい,
서녘 서,西,せい、さい,にし
글 서,書,しょ,かく
더울 서,暑,しょ,あつい
차례 서,序,じょ,
마을 서,署,しょ,
펼 서,叙,じょ,のべる
천천히 할 서,徐,じょ,おもむろ
갈 서,逝,せい,ゆく、いく
여러 서,庶,しょ,
사위 서,婿,せい,むこ
실마리 서,緒,しょ、ちょ,お
맹세할 서,誓,せい,ちかう
저녁 석,夕,せき,ゆう
돌 석,石,せき、しゃく、こく,いし
예 석,昔,せき、しゃく,むかし
자리 석,席,せき,
쪼갤 석,析,せき,
풀 석,釈,しゃく,
아낄 석,惜,せき,おしい、おしむ
개펄 석,潟,,かた
먼저 선,先,せん,さき
배 선,船,せん,ふね、ふな
줄 선,線,せん,
고를 선,選,せん,えらぶ
베풀 선,宣,せん,
착할 선,善,せん,よい
신선 선,仙,せん,
부채 선,扇,せん,おうぎ
돌 선,旋,せん,
부러워할 선,羨,せん,うらやむ、うらやましい
샘 선,腺,せん,
선 선,禅,ぜん,
반찬 선,膳,ぜん,
고울 선,鮮,せん,あざやか
기울 선,繕,ぜん,つくろう
눈 설,雪,せつ,ゆき
말씀 설/ 달랠 세,説,せつ、ぜい,とく
혀 설,舌,ぜつ,した
베풀 설,設,せつ,もうける
가늘 섬,繊,せん,
건널 섭,渉,しょう,
다스릴/ 잡을 섭,摂,せつ,
별 성,星,せい、しょう,ほし
소리 성,声,せい、しょう,こえ、こわ
이룰 성,成,せい、じょう,なす、なる
살필 성/ 덜 생,省,せい、しょう,かえりみる、はぶく
성품 성,性,せい、しょう,
성 성,城,じょう,しろ
성할 성,盛,せい、じょう,もる、さかる、さかん
정성 성,誠,せい,まこと
성인 성,聖,せい,
성씨 성,姓,せい、しょう,
깰 성,醒,せい,さめる、さます
가늘 세,細,さい,ほそい、ほそる、こまか、こまかい
인간/ 세상 세,世,せい、せ,よ
세금 세,税,ぜい,
형세 세,勢,せい,いきおい
씻을 세,洗,せん,あらう
해 세,歳,さい、せい,
작을 소,小,しょう,ちいさい、こ、お
적을 소,少,しょう,すくない、すこし
바 소,所,しょ,ところ
밝을 소,昭,しょう,
사라질 소,消,しょう,きえる、けす
웃음 소,笑,しょう,わらう、えむ
새집 소,巣,そう,す
불사를 소,焼,しょう,やく、やける
본디/ 흴 소,素,す、そ,
부를 소,召,しょう,めす
못 소,沼,しょう,ぬま
꽃필 소,咲,,さく
밤 소,宵,しょう,よい
이을 소,紹,しょう,
쓸 소,掃,そう,はく
호소할 소,訴,そ,うったえる
성길 소,疎,そ,うとい、うとむ
흙 빚을 소,塑,そ,
거스를 소,遡,そ,さかのぼる
떠들 소,騒,そ,さわぐ、さわがしい
빠를 속,速,そく,はやい、はやめる、はやまる、すみやか
묶을 속,束,そく,たば、たばねる
이을 속,続,ぞく,つづく、つづける
무리 속,属,ぞく,
풍속 속,俗,ぞく,
손자 손,孫,そん,まご
덜 손,損,そん,そこなう、そこねる
겸손할 손,遜,そん,へりくだる
보낼 송,送,そう,おくる
소나무 송,松,しょう,まつ
송사할 송,訟,しょう,
인쇄할 쇄,刷,さつ,する
부술 쇄,砕,さい,くだく、くだける
쇠사슬 쇄,鎖,さ,くさり
쇠할 쇠,衰,すい,おとろえる
물 수,水,すい,みず
손 수,手,しゅ,て、た
머리 수,首,しゅ,くび
셈 수,数,すう、す,かず、かぞえる
지킬 수,守,しゅ、す,まもる、もり
받을 수,受,じゅ,うける、うかる
닦을 수,修,しゅう、しゅ,おさめる、おさまる
줄 수,授,じゅ,さずける、さずかる
보낼 수,輸,ゆ,
거둘 수,収,しゅう,おさまる、おさめる
드리울 수,垂,すい,たれる、たらす
나무 수,樹,じゅ,
가둘 수,囚,しゅう,
빼어날 수,秀,しゅう,ひいでる
목숨 수,寿,じゅ,ことぶき
사냥할 수,狩,しゅ,かる
장수 수,帥,すい,
찾을 수,捜,そう,さがす
다를 수,殊,しゅ,こと
소매 수,袖,しゅう,そで
순수할 수,粋,すい,いき
부끄러울 수,羞,しゅう,
드디어 수,遂,すい,とげる
모름지기 수,須,す,すべからく
여윌 수,痩,そう,やせる
따를 수,随,ずい,
졸음 수,睡,すい,
갚을 수,酬,しゅう,
근심 수,愁,しゅう,うれえる、うれい
쓰일/ 쓸 수,需,じゅ,
누구 수,誰,,だれ
이삭 수,穂,すい,ほ
짐승 수,獣,じゅう,けもの
뼛골 수,髄,ずい,
잘 숙,宿,しゅく,やど、やどる、やどす
익을 숙,熟,じゅく,うれる
아저씨 숙,叔,しゅく,
맑을 숙,淑,しゅく,
엄숙할 숙,粛,しゅく,
글방 숙,塾,じゅく,
순할 순,順,じゅん,
순수할 순,純,じゅん,
열흘 순,旬,じゅん、しゅん,
돌/ 순행할 순,巡,じゅん,めぐる
방패 순,盾,じゅん,たて
입술 순,唇,しん,くちびる
따라죽을 순,殉,じゅん,
돌 순,循,じゅん,
눈 깜짝일 순,瞬,しゅん,またたく
펼 술,述,じゅつ,のべる
재주 술,術,じゅつ,
높을 숭,崇,すう,
무릎 슬,膝,しつ,ひざ
주울 습/ 열 십,拾,しゅう,ひろう
익힐 습,習,しゅう,ならう
젖을 습,湿,しつ,しめる、しめす、しめっぽい
엄습할 습,襲,しゅう,おそう
탈 승,乗,じょう,のる、のせる
이길 승,勝,しょう,かつ、まさる
이을 승,承,しょう,うけたまわる
되 승,升,しょう,ます
오를 승,昇,しょう,のぼる
중 승,僧,そう,
노끈 승,縄,じょう,なわ
저자 시,市,し,いち
화살 시,矢,し,や
때 시,時,じ,とき
비로소 시,始,し,はじめる、はじまる
시 시,詩,し,
시험 시,試,し,ためす、こころみる
보일 시,示,じ、し,しめす
볼 시,視,し,
모실 시,侍,じ,さむらい
감나무 시,柿,し,かき
베풀 시,施,し、せ,ほどこす
옳을 시,是,ぜ,
밥/ 먹을 식,食,しょく、じき,たべる、くう、くらう
법 식,式,しき,
쉴 식,息,そく,いき
심을 식,植,しょく,うえる、うわる
알 식,識,しき,
씻을 식,拭,しょく,ふく、ぬぐう
불릴 식,殖,しょく,ふえる、ふやす
꾸밀 식,飾,しょく,かざる
새 신,新,しん,あたらしい、あらた、にい
거듭 신,申,しん,もうす
몸 신,身,しん,み
귀신 신,神,しん、じん,かみ、かん、こう
신하 신,臣,しん、じん,
믿을 신,信,しん,
빠를 신,迅,じん,
펼 신,伸,しん,のびる、のばす、のべる
매울 신,辛,しん,からい
아이 밸 신,娠,しん,
신사 신,紳,しん,
삼갈 신,慎,しん,つつしむ
콩팥 신,腎,じん,
섶 신,薪,しん,たきぎ
집 실,室,しつ,むろ
열매 실,実,じつ,み、みのる
잃을 실,失,しつ,うしなう
마음 심,心,しん,こころ
깊을 심,深,しん,ふかい、ふかまる、ふかめる
등심초 심,芯,しん,
심할 심,甚,じん,はなはだ、はなはだしい
찾을 심,尋,じん,たずねる
살필 심,審,しん,
열 십,十,じゅう,と、とお
두 쌍/ 쌍,双,そう,ふた
각시/ 성씨 씨,氏,し,うじ
아이 아,児,じ、に,
싹 아,芽,が,め
나 아,我,が,われ、わ
어금니 아,牙,が、け,きば
버금 아,亜,あが,
맑을 아,雅,が,
주릴 아,餓,が,
악할 악/ 미워할 오,悪,あく、お,わるい
큰 산 악,岳,がく,たけ
쥘 악,握,あく,にぎる
턱 악,顎,がく,あご
낯 안,顔,がん,かお
편안 안,安,あん,やすい
언덕 안,岸,がん,きし
책상 안,案,あん,
눈 안,眼,がん、げん,まなこ
뵐 알,謁,えつ,
바위 암,岩,がん,いわ
어두울 암,暗,あん,くらい
나 암,俺,,おれ
숨을 암,闇,,やみ
누를 압,圧,あつ,
누를 압,押,おう,おう、おさえる
가운데 앙,央,おう,
우러를 앙,仰,ぎょう、こう,おおぐ、おおせ
사랑 애,愛,あい,
슬플 애,哀,あい,あわれ、あわれむ
밀칠 애,挨,あい,
물가 애,涯,がい,
언덕 애,崖,がい,がけ
희미할 애,曖,あい,
진 액,液,えき,
이마 액,額,がく,ひたい
액 액,厄,やく,
앵두 앵,桜,おう,さくら
밤 야,夜,や,よ、よる
들 야,野,や,の
불릴 야,冶,や,
약할 약,弱,じゃく,よわい、よわまる、よわめる、よわる
약 약,薬,やく,くすり
맺을 약,約,やく,
같을 약,若,じゃく、にゃく,わかい、もしくは
뛸 약,躍,やく,おどる
양 양,羊,よう,ひつじ
큰 바다 양,洋,よう,
볕 양,陽,よう,
모양 양,様,よう,さま
기를 양,養,よう,やしなう
날릴 양,揚,よう,あげる、あがる
헐 양,瘍,よう,
흙덩이 양,壌,じょう,
아가씨 양,嬢,じょう,
사양할 양,譲,じょう,ゆずる
술빚을 양,醸,じょう,かもす
물고기 어,魚,ぎょ,さかな、うお
말씀 어,語,ご,かたる、かたらう
고기 잡을 어,漁,ぎょ、きょう,
거느릴 어,御,ぎょ、ご,おん
억 억,億,おく,
누를 억,抑,よく,おさえる
생각할 억,憶,おく,
가슴 억,臆,おく,
말씀 언,言,げん、ごん,いう、こと
엄할 엄,厳,げん、ごん,おごそか、きびしい
업 업,業,ぎょう、ごう,わざ
나/ 남을 여,余,よ,あまる、あます
더불/ 줄 여,与,よ,あたえる
같을 여,如,じょ、にょ,
부릴 역,役,やく、えき,
역 역,駅,えき,
바꿀 역/ 쉬울 이,易,えき、い,やさしい
거스를 역,逆,ぎゃく,さか、さからう
지경 역,域,いき,
번역할 역,訳,やく,わけ
전염병 역,疫,えき、やく,
갈 연,研,けん,とぐ
그럴 연,然,ぜん、ねん,
펼 연,演,えん,
탈 연,燃,ねん,もえる、もやす、もす
늘일 연,延,えん,のびる、のべる、のばす
물 따라갈 연,沿,えん,そう
잔치 연,宴,えん,
연할 연,軟,なん,やわらか、やわらかい
연기 연,煙,えん,けむり、けむる、けむい、けむたい
납 연,鉛,えん,なまり
인연 연,縁,えん,ふち
더울 열,熱,ねつ,あつい
기쁠 열,悦,えつ,
볼 열,閲,えつ,
소금 염,塩,えん,しお
물들 염,染,せん,そめる、そまる、しみる、しみ
불꽃 염,炎,えん,ほのお
비틀 염,捻,ねん,いねる
고울 염,艶,えん,つや、つややか、あでやか、たまめかしい
잎 엽,葉,よう,は
헤엄칠 영,泳,えい,およぐ
꽃부리 영,英,えい,
영화 영,栄,えい,さかえる、はえ
길 영,永,えい,ながい
경영할 영,営,えい,いとなむ
비칠 영,映,えい,うつる、うつす、はえる
맞을 영,迎,げい,むかえる
읊을 영,詠,えい,よむ
그림자 영,影,えい,かげ
미리 예,予,よ,あらかじめ
재주 예,芸,げい,
맡길/ 미리 예,預,よ,あずける、あずかる
날카로울 예,鋭,えい,するどい
벨 예,刈,,かる
이를 예,詣,けい,もうでる
기릴/ 명예 예,誉,よ,ほまれ
다섯 오,五,ご,いつ、いつつ
낮 오,午,ご,
그르칠 오,誤,ご,あやまる
더러울 오,汚,お,けがす、けがれる、けがらわしい、よごす、よごれる、きたない
성씨 오,呉,ご,
즐길 오,娯,ご,
깨달을 오,悟,ご,さとる
깊을 오,奥,おう,おく
거만할 오,傲,ごう,
구슬 옥,玉,ぎょく,たま
집 옥,屋,おく,や
물 댈 옥,沃,よく,
감옥 옥,獄,ごく,
따뜻할 온,温,おん,あたたかい、あたたまる、あたためる
편안할 온,穏,おん,おだやか
늙은이 옹,翁,おう,おきな
낄 옹,擁,よう,
기와 와,瓦,が,かわら
소용돌이 와,渦,か,うず
완전할 완,完,かん,
완연할 완,宛,,あてる
희롱할 완,玩,がん,
팔뚝 완,腕,わん,うで
완고할 완,頑,がん,
느릴 완,緩,かん,ゆるい、ゆるやか、ゆるむ、ゆるめる
임금 왕,王,おう,
갈 왕,往,おう,
왕성할 왕,旺,おう,
바깥 외,外,がい、げ,そと、ほか、はずす、はずれる
두려워할 외,畏,い,おそれる
빛날 요,曜,よう,
요긴할 요,要,よう,いる
오목할 요,凹,おう,ほこ、へこむ、へこます
아리따울 요,妖,よう,あやしい
흔들 요,揺,よう,ゆれる、ゆる、ゆらぐ、ゆるぐ、ゆする、ゆさぶる、ゆすぶる
허리 요,腰,よう,こし
기와 가마 요,窯,よう,かま
노래 요,謡,よう,うたい、うたう
목욕할 욕,浴,よく,あびる、あびせる
하고자 할 욕,欲,よく,ほっする、ほしい
욕될 욕,辱,じょく,はずかしめる
쓸 용,用,よう,もちいる
날랠 용,勇,ゆう,いさむ、いさましい
모양 용,容,よう,
쓸데없을 용,冗,じょう,
떳떳할 용,庸,よう,
물 솟을 용,湧,ゆう,わく
녹을 용,溶,よう,とける、とかす、とく
뛸 용,踊,よう,おどる、おどり
오른쪽 우,右,う、ゆう,みぎ
비 우,雨,う,あめ、あま
소 우,牛,ぎゅう,うし
벗 우,友,ゆう,とも
깃 우,羽,う,は、はね、わ
집 우,宇,う,
우편 우,郵,ゆう,
넉넉할 우,優,ゆう,やさしい、すぐれる
또 우,又,,また
토란 우,芋,,いも
짝 우,偶,ぐう,
만날 우,遇,ぐう,
모퉁이 우,隅,ぐう,すみ
어리석을 우,愚,ぐ,おろか
염려할 우,虞,ぐ,おそれ
근심 우,憂,ゆう,うれえる、うれい
구름 운,雲,うん,くも
옮길 운,運,うん,はこぶ
운율 운,韻,いん,
막힐 울,鬱,うつ,
수컷 웅,雄,ゆう,おす、お
곰 웅,熊,,くま
둥글 원,円,えん,まるい
으뜸 원,元,げん、がん,もと
언덕 원,原,げん,はら
멀 원,遠,えん、おん,とおい
동산 원,園,えん,その
집 원,院,いん,
인원 원,員,いん,
원할 원,願,がん,ねがう
근원 원,源,げん,みなもと
원망할 원,怨,えん、おん,うらむ
담 원,垣,,かき
도울 원,援,えん,
미인 원,媛,えん,ひめ
원숭이 원,猿,えん,さる
달 월,月,げつ、がつ,つき
넘을 월,越,えつ,こす、こえる
맡길 위,委,い,ゆだねる
자리 위,位,い,くらい
에워쌀 위,囲,い,かこむ、かこう
밥통 위,胃,い,
지킬 위,衛,えい,
위태할 위,危,き,あぶない、あやうい、あやぶむ
위엄 위,威,い,
할 위,為,い,ため、なす、なる
시들 위,萎,い,なえる、しおれる、しぼむ
거짓 위,偽,ぎ,にせ、いつわる
벼슬 위,尉,い,
클 위,偉,い,えらい
어긋날 위,違,い,ちがう、ちがえる
위로할 위,慰,い,なぐさめる、なぐさむ
위도 위,緯,い,
말미암을 유,由,ゆ、ゆう、ゆい,よし
있을 유,有,ゆう、う,ある
기름 유,油,ゆ,あぶら
놀 유,遊,ゆう、ゆ,あそぶ
어릴 유,幼,よう,おさない
젖 유,乳,にゅう,ちち、ち
남길 유,遺,い、ゆい,
부드러울 유,柔,じゅう、にゅう,やわらか、やわらかい
그윽할 유,幽,ゆう,
오직 유,唯,ゆい、い,ただ
유유자적할 유,悠,ゆう,
즐거울 유,愉,ゆ,
비유할 유,喩,ゆ,
오히려 유,猶,ゆう,
넉넉할 유,裕,ゆう,
꾈 유,誘,ゆう,さそう
벼리 유,維,い,
타이를 유,諭,ゆ,さとす
선비 유,儒,じゅ,
병 나을 유,癒,ゆ,いえる、いやす
여섯 육,六,ろく,む、むつ、むい、むっつ
고기 육,肉,にく,
기를 육,育,いく,そだつ、そだてる、はぐくむ
불을 윤,潤,じゅん,うるおう、うるおす、うるむ
녹을 융,融,ゆう,
은 은,銀,ぎん,
은혜 은,恩,おん,
숨을 은,隠,いん,かくす、かくれる
새 을 ,乙,おつ,
소리 음,音,おん、いん,おと、ね
마실 음,飲,いん,のむ
읊을 음,吟,ぎん,
그늘 음,陰,いん,かげ、かげる
음란할 음,淫,いん,みだら
울 읍,泣,きゅう,なく
응할 응,応,おう,こたえる
엉길 응,凝,ぎょう,こる、こらす
의원 의,医,い,
뜻 의,意,い,
옷 의,衣,い,ころも
의논할 의,議,ぎ,
옳을 의,義,ぎ,
의심할 의,疑,ぎ,うたがう
의지할 의,依,い、え,
마땅 의,宜,ぎ,
의자 의,椅,い,
거동 의,儀,ぎ,
비길 의,擬,ぎ,
두 이,二,に,ふた、ふたつ
귀 이,耳,じ,みみ
써 이,以,い,
옮길 이,移,い,うつる、うつす
다를 이,異,い,ことなる
두/ 갖은두 이,弐,に,
미끼 이,餌,じ,えさ、え
더할 익,益,えき、やく,
다음날 익,翌,よく,
빠질 익,溺,でき,おぼれる
날개 익,翼,よく,つばさ
사람 인,人,じん、にん,ひと
끌 인,引,いん,ひく、ひける
도장 인,印,いん,しるし
인할 인,因,いん,よる
어질 인,仁,じん、に,
알 인,認,にん,みとめる
칼날 인,刃,じん,は
참을 인,忍,にん,しのぶ、しのばせる
혼인 인,姻,いん,
목구멍 인,咽,いん,むせぶ
한 일,一,いち、いっ,ひと、ひとつ
날 일,日,にち、じつ,ひ、か
한/ 갖은한 일,壱,いち,
편안할 일,逸,いつ,
맡길 임,任,にん,まかせる、まかす
품삯 임,賃,ちん,
아이밸 임,妊,にん,
들 입,入,にゅう,いる、いれる、はいる
남을 잉,剰,じょう,
아들 자,子,し、す,こ
글자 자,字,じ,
스스로 자,自,じ、し,みずから
손윗누이 자,姉,し,あね、ねえ
놈 자,者,しゃ,もの
재물 자,資,し,
모양 자,姿,し,すがた
자석 자,磁,じ,
찌를 자,刺,し,さす、ささる
가시나무 자,茨,,いばら
방자할 자,恣,し,ほしいまま
자주빛 자,紫,し,むらさき
불을 자,滋,じ,
삶을 자,煮,しゃ,にる、にえる、にやす
사랑 자,慈,じ,いつくしむ
암컷 자,雌,し,めす、め
물을 자,諮,し,はかる
지을 작,作,さく、さ,つくる
어제 작,昨,さく,
술 부을 작,酌,しゃく,くむ
벼슬 작,爵,しゃく,
남을 잔,残,ざん,のこる、のこす
사다리 잔,桟,さん,
누에 잠,蚕,さん,かいこ
잠길 잠,潜,せん,ひそむ、もぐる
잠깐 잠,暫,ざん,
섞일 잡,雑,ざつ、ぞう,
긴 장,長,ちょう,ながい
마당 장,場,じょう,ば
글 장,章,しょう,
장막 장,帳,ちょう,
창자 장,腸,ちょう,
베풀 장,張,ちょう,はる
장수 장,将,しょう,
꾸밀 장,装,そう、しょう,よそおう
막을 장,障,しょう,さわる
감출 장,蔵,ぞう,くら
오장 장,臓,ぞう,
어른 장,丈,そう,たけ
장인 장,匠,しょう,
장할 장,壮,そう,
씩씩할/ 별장 장,荘,そう,
손바닥 장,掌,しょう,
단장할 장,粧,しょう,
장사지낼 장,葬,そう,ほうむる
장려할 장,奨,しょう,
재주 재,才,さい,
재목 재,材,ざい,
두 재,再,さい、さ,ふたたび
있을 재,在,ざい,ある
재앙 재,災,さい,わざわい
재물 재,財,ざい、さい,
마를 재,裁,さい,たつ、さばく
재상 재,宰,さい,
심을 재,栽,さい,
재계할/ 집 재,斎,さい,
실을 재,載,さい,のせる、のる
다툴 쟁,争,そう,あらそう
낮을 저,低,てい,ひくい、ひくめる、ひくまる
밑 저,底,てい,そこ
쌓을 저,貯,ちょ,
나타날 저,著,ちょ,あらわす、いちじるしい
엿볼 저,狙,そ,ねらう
막을 저,抵,てい,
집 저,邸,てい,
젓가락 저,箸,,はし
붉을 적,赤,せき、しゃく,あか、あかい、あからむ、あからめる
피리 적,笛,てき,ふえ
과녁 적,的,てき,まと
쌓을 적,積,せき,つむ、つもる
맞을 적,敵,てき,かなう
대적할 적,適,てき,かたき
길쌈할 적,績,せき,
고요할 적,寂,せき、じゃく,さび、さびしい、さびれる
도둑 적,賊,ぞく,
발자취 적,跡,せき,あと
물방울 적,滴,てき,しずく、したたる
정실 적,嫡,ちゃく,
딸 적,摘,てき,つむ
문서 적,籍,せき,
밭/ 논 전,田,でん,た
앞 전,前,ぜん,まえ
번개 전,電,でん,
온전할 전,全,ぜん,まったく
구를 전,転,てん,ころがる、ころげる、ころがす、ころぶ
전할 전,伝,でん,つたえる、つたわる、つたう
법 전,典,てん,
싸움 전,戦,せん,いくさ、たたかう
돈 전,銭,せん,ぜに
오로지 전,専,せん,もっぱら
펼 전,展,てん,
마개 전,栓,せん,
전각 전,殿,でん、てん,との、どの
메울 전/ 누를 진,塡,てん,
달일 전,煎,せん,いる
설명할 전,詮,せん,
찌지 전,箋,せん,
끊을 절/ 모두 체,切,せつ、さい,きる、きれる
꺾을 절,折,せつ,おる、おれる
마디 절,節,せつ、せち,ふし
끊을 절,絶,ぜつ,たえる、たやす、たつ
훔칠 절,窃,せつ,
가게 점,店,てん,みせ
점 점,点,てん,
점령할/ 점칠 점,占,せん,しめる、うらなう
붙을 점,粘,ねん,ねばる
점점 점,漸,ぜん,
이을 접,接,せつ,つぐ
바를 정,正,しょう、せい,ただしい、ただす、まさ
밭두둑 정,町,ちょう,まち
고무래/ 장정 정,丁,ちょう、てい,
정할 정,定,てい、じょう,さだめる、さだまる、さだか
뜰 정,庭,てい,にわ
가지런할 정,整,せい,ととのう、ととのえる
머무를 정,停,てい,
고요할 정,静,せい、じょう,しずか、しずまる、しずめる
정사 정,政,せい、しょう,まつりごと
뜻 정,情,じょう、せい,なさけ
한도/ 길 정,程,てい,ほど
정할 정,精,せい、しょう,
정수리 정,頂,ちょう,いただく、いたかき
우물 정,井,せい,い
우물 정,丼,とん,どんぶり
드릴 정,呈,てい,
조정 정,廷,てい,
칠 정,征,せい,
정자 정,亭,てい,
곧을 정,貞,てい,
바로잡을 정,訂,てい,
깨끗할 정,浄,じょう,
염탐할 정,偵,てい,
맑을 정,晶,しょう,
배 정,艇,てい,
덩이 정,錠,じょう,
아우 제,弟,てい、だい、で,おとうと
차례 제,第,だい,
제사 제,祭,さい,まつる、まつり
제목 제,題,だい,
절제할 제,制,せい,
끌 제,提,てい,さげる
지을 제,製,せい,
즈음 제,際,さい,きわ
덜 제,除,じょ、じ,のぞく
건널 제,済,さい,すむ、すます
모두 제,諸,しょ,
가지런할 제,斉,せい,
임금 제,帝,てい,
약제 제,剤,ざい,
둑 제,堤,てい,つつみ
이를 조,早,そう、さっ,はやい、はやまる、はやめる
새 조,鳥,ちょう,とり
짤 조,組,そ,くむ、くみ
아침 조,朝,ちょう,あさ
도울 조,助,じょ,たすける、たすかる、すけ
조사할 조,調,ちょう,しらべる、ととのう、ととのえる
조 조,兆,ちょう,きざす
비칠 조,照,しょう,てる、てらす、てれる
가지 조,条,じょう,
할아버지 조,祖,そ,
지을 조,造,ぞう,つくる
밀물/조수 조,潮,ちょう,しお
잡을 조,操,そう,みさお、あやつる
손톱 조,爪,,つめ、つま
조상할 조,弔,ちょう,とむらう
막힐 조,阻,そ,はばむ
조세 조,租,そ,
둘 조,措,そ,
무리 조,曹,そう,
조잡할 조,粗,そ,あらい
새길 조,彫,ちょう,ほる
바라볼 조,眺,ちょう,ながめる
낚을/낚시 조,釣,ちょう,つる
조서 조,詔,しょう,みことのり
만날 조,遭,そう,あう
비웃을 조,嘲,ちょう,あざける
구유 조,槽,そう,
마를 조,燥,そう,
고치 켤 조,繰,,くる
마름 조,藻,そう,も
발 족,足,そく,あし、たりる、たす
겨레 족,族,ぞく,
있을 존,存,そん、ぞん,
높을 존,尊,そん,たっとい、とうとい、たっとぶ、とうとぶ
마칠 졸,卒,そつ,
옹졸할 졸,拙,せつ,つたない
마칠 종,終,しゅう,おわる、おえる
씨 종,種,しゅ,たね
마루 종,宗,しゅう、そう,
좇을 종,従,じゅう、しょう、じゅ,したがう、したがえる
세로 종,縦,じゅう,たて
종기 종,腫,しゅ,はれる、はらす
자취 종,踪,そう,
쇠북 종,鐘,しょう,かね
왼 좌,左,さ,ひだり
자리 좌,席,ざ,すわる
도울 좌,佐,さ,
꺾을 좌,挫,ざ,
허물 죄,罪,ざい,つみ
달릴 주,走,そう,はしる
낮 주,昼,ちゅう,ひる
돌 주,週,しゅう,
주인 주,主,しゅ、す,ぬし、おも
고을 주,州,しゅう、す,
살 주,住,じゅう,すむ、すまう
부을 주,注,ちゅう,そそぐ
기둥 주,柱,ちゅう,はしら
술 주,酒,しゅ,さけ、さか
두루 주,周,しゅう,まわり
집 주,宙,ちゅう,
연주할 주,奏,そう,かなでる
주식 주,株,,かぶ
붉을 주,朱,しゅ,
배 주,舟,しゅう,ふね、ふな
팔꿈치 주,肘,,ひじ
빌 주,呪,じゅ,
진한 술 주,酎,ちゅう,
구슬 주,珠,しゅ,
머무를 주,駐,ちゅう,
쇠불릴 주,鋳,ちゅう,いる
대 죽,竹,ちく,たけ
준비할 준,準,じゅん,
준걸 준,俊,しゅん,
승인할 준,准,じゅん,
좇을 준,遵,じゅん,
가운데 중,中,ちゅう、じゅう,なか
무거울 중,重,じゅう、ちょう,え、おもい、かさねる、かさなる
버금 중,仲,ちゅう,なか
무리 중,衆,しゅう、しゅ,
곧 즉,即,そく,
즙 즙,汁,じゅう,しる
증거 증,証,しょう,
더할 증,増,ぞう,ます、ふえる、ふやす
찔 증,蒸,じょう,むす、むれる、むらす
증세 증,症,しょう,
일찍 증,曽,そう,
미울 증,憎,ぞう,にくむ、にくい、にくらしい、にくしみ
줄 증,贈,ぞう、そう,おくる
그칠 지,止,し,とまる、とめる
땅 지,地,ち、じ,
못 지,池,ち,いけ
알 지,知,ち,しる
종이 지,紙,し,かみ
가질 지,持,じ,もつ
가리킬 지,指,し,ゆび、さす
지탱할 지,支,し,ささえる
뜻 지,志,し,こころざす、こころざし
가지 지,枝,し,えだ
이를 지,至,し,いたる
기록할 지,誌,し,
뜻 지,旨,し,むね、うまい
잡초 지,芝,,しば
팔다리 지,肢,し,
복 지,祉,し,
기름 지,脂,し,あぶら
더딜/늦을 지,遅,ち,おくれる、おくらす、おそい
담글 지,漬,,つける、つかる
잡을 지,摯,し,
곧을 직,直,ちょく、じき,ただちに、なおす、なおる
직분 직,職,しょく,
짤 직,織,しょく、しき,おる
참 진,真,しん,ま
나아갈 진,進,しん,すすむ、すすめる
다할 진,尽,じん,つくす、つきる、つかす
나루 진,津,しん,つ
보배 진,珍,ちん,めずらしい
진칠 진,陣,じん,
떨칠 진,振,しん,ふる、ふるう、ふれる
베풀/묵을 진,陳,ちん,
진찰할 진,診,しん,みる
우레 진,震,しん,ふるう、ふるえる
진압할 진,鎮,ちん,しずめる、しずまる
바탕 질,質,しつ、しち,
꾸짖을 질,叱,しつ,しかる
경질할 질,迭,てつ,
병 질,疾,しつ,
차례 질,秩,ちつ,
막힐 질,窒,ちつ,
미워할 질,嫉,しつ,ねたむ、ねたましい
나 짐,朕,ちん,
모을 집,集,しゅう,あつまる、あつめる、つどう
잡을 집,執,しつ、しゅう,とる
부를 징,徴,ちょう,
맑을 징,澄,ちょう,すむ、すます
징계할 징,懲,ちょう,こりる、こらす、こらしめる
수레 차/수레 거,車,しゃ,くるま
차 차/차 다,茶,ちゃ、さ,
버금 차,次,じ、し,つぎ、つぐ
다를 차,差,さ,さす
빌릴 차,借,しゃく,かりる
또 차,且,,かつ
가릴 차,遮,しゃ,さえぎる
붙을 착,着,ちゃく、じゅく,きる、きせる、つく、つける
잡을 착,捉,そく,とらえる
짤 착,搾,さく,しぼる
어긋날 착,錯,さく,
도울 찬,賛,さん,
편지 찰,札,さつ,ふだ
살필 찰,察,さつ,
절 찰,刹,さつ、せつ,
핍박할 찰,拶,さつ,
문지를 찰,擦,さつ,する、すれる
참여할 참/석 삼,参,さん,まいる
참혹할 참,惨,さん、ざん,みじめ、むごい
벨 참,斬,ざん,きる
곳집 창,倉,そう,くら
부를 창,唱,しょう,となえる
창 창,窓,そう,まど
비롯할 창,創,そう,
드러날 창,彰,しょう,
나물 채,菜,さい,な
캘 채,採,さい,とる
풍채 채,采,さい,
채색 채,彩,さい,いろどる
빚 채,債,さい,
꾸짖을 책,責,せき,せめる
책 책,冊,さつ、さく,
꾀 책,策,さく,
울타리 책,柵,さく,
아내 처,妻,さい,つま
곳 처,処,しょ,
쓸쓸할 처,凄,せい,すごい、すさまじい
자 척,尺,しゃく,
물리칠 척,斥,せき,しりぞける
넓힐 척/박을 탁,拓,たく,
외짝 척,隻,せき,
등마루 척,脊,せき,
칠 척,捗,ちょく,はかどる
친척 척,戚,せき,
일천 천,千,せん,ち
내 천,川,せん,かわ
하늘 천,天,てん,あめ、あま
얕을 천,浅,せん,あさい
샘 천,泉,せん,いずみ
밟을 천,践,せん,
옮길 천,遷,せん,
천거할 천,薦,せん,すすめる
쇠 철,鉄,てつ,
볼록할 철,凸,とつ,でこ
밝을 철,哲,てつ,
통할 철,徹,てつ,
거둘 철,撤,てつ,
더할 첨,添,てん,そえる、そう
거듭 첩,畳,じょう,たたむ、たたみ
붙일 첩,貼,ちょう、てん,はる
푸를 청,青,せい,あお、あおい
갤 청,晴,せい,はれる、はらす
맑을 청,清,せい、しょう,きよい、きよらか、きよまる、きよめる
관청 청,庁,ちょう,
청할 청,請,せい、しん,こう、うける
들을 청,聴,ちょう,きく
몸 체,体,たい、てい,からだ
갈릴 체,逓,てい,
잡을 체,逮,たい,
바꿀 체,替,たい,かえる、かわｒ
막힐 체,滞,たい,とどこおる
맺을 체,締,てい,しまる、しめる
살필 체,諦,てい、たい,あきらめる
풀 초,草,そう,くさ
분초 초,秒,びょう,
처음 초,初,しょ,はじめ、はじめて、はつ、うい、そめる
부를 초,招,しょう,まねく
뽑을 초,抄,しょう,
닮을/같을 초,肖,しょう,
식초 초,酢,さく,す
탈 초,焦,しょう,こげる、こがす、こがれる、あせる
화약 초,硝,しょう,
뛰어넘을 초,超,ちょう,こえる、こす
암초 초,礁,しょう,
주춧돌 초,礎,そ,いしずえ
재촉할 촉,促,そく,うながす
닿을 촉,触,しょく,ふれる、さわる
부탁할 촉,嘱,しょく,
마을 촌,村,そん,むら
마디 촌,寸,すん,
다 총,総,そう,
무덤 총,塚,,つか
총 총,銃,じゅう,
사진 찍을 촬,撮,さつ,とる
가장 최,最,さい,もっとも
재촉할 최,催,さい,もよおす
가을 추,秋,しゅう,あき
쫓을/따를 추,追,つい,おう
밀 추,推,すい,おす
뽑을 추,抽,ちゅう,
지도리 추,枢,すう,
등골 추,椎,つい,しい
떨어질 추,墜,つい,
추할 추,醜,しゅう,みにくい
빌 축,祝,しゅく、しゅう,いわう
쌓을 축,築,ちく,きずく
줄일 축,縮,しゅく,ちぢむ、ちぢまる、ちぢめる、ちぢれる、ちぢらす
쫓을 축,逐,ちく,
짐승 축,畜,ちく,
굴대 축,軸,じく,
모을 축,蓄,ちく,たくわえる
찰 축,蹴,しゅう,ける
봄 춘,春,しゅん,はる
날 출,出,しゅつ、すい,でる、だす
벌레 충,虫,ちゅう,むし
충성 충,忠,ちゅう,
채울 충,充,じゅう,あてる
화할 충,沖,ちゅう,おき
속마음 충,衷,ちゅう,
찌를 충,衝,しょう,
가질 취,取,しゅ,とる
나아갈 취,就,しゅう、じゅ,つく、つける
불 취,吹,すい,ふく
불 땔 취,炊,すい,たく
냄새 취,臭,しゅう,くさい、におう
취할 취,酔,すい,よう
뜻 취,趣,しゅ,おもむき
곁 측,側,そく,がわ
헤아릴 측,測,そく,はかる
층 층,層,そう,
이 치,歯,し,は
다스릴 치,治,じ、ち,おさめる、おさまる、なおる、なおす
둘 치,置,ち,おく
값 치,値,ち,ね、あたい
부끄러울 치,恥,ち,はじ、はじる、はじらう、はずかしい
이를 치,致,ち,いたす
어리석을 치,痴,ち,
어릴 치,稚,ち,
빽빽할 치,緻,ち,
법칙 칙,則,そく,
칙서 칙,勅,ちょく,
친할 친,親,しん,おや、したしい、したしむ
일곱 칠,七,しち,なな、ななつ、なの
옻 칠,漆,しつ,うるし
바늘 침,針,しん,はり
잠길 침,沈,ちん,しずむ、しずめる
배게 침,枕,ちん,まくら
침노할 침,侵,しん,おかす
잠길 침,浸,しん,ひたす、ひたる
잘 침,寝,しん,ねる、ねかす
일컬을 칭,称,しょう,
쾌할 쾌,快,かい,こころよい
칠 타,打,だ,うつ
다를 타,他,た,ほか
온당할 타,妥,だ,
침 타,唾,だ,つば
떨어질 타,堕,だ,
게으를 타,惰,だ,
높을 탁,卓,たく,
부탁할 탁,託,たく,
흐릴 탁,濁,だく,にごる、にごす
씻을 탁,濯,たく,
숯 탄,炭,たん,すみ
낳을 탄,誕,たん,
탄알 탄,弾,だん,ひく、はずむ、たま
탄식할 탄,嘆,たん,なげく、なげかわしい
터질 탄,綻,たん,ほころびる、ほころぶ
벗을 탈,脱,だつ,ぬぐ、ぬげる
빼앗을 탈,奪,だつ,うばう
찾을 탐,探,たん,さぐる、さがす
탐할 탐,貪,どん,むさぼる
탑 탑,塔,とう,
탈 탑,搭,とう,
끓일 탕,湯,とう,ゆ
클 태,太,たい、た,ふとい、ふとる
모습 태,態,たい,
사치할 태,汰,た,
게으를 태,怠,たい,おこたる、なまける
아이 밸 태,胎,たい,
클 태,泰,たい,
짐 실을 태,駄,だ,
집 택,宅,たく,
가릴 택,択,たく,
못 택,沢,たく,さわ
흙 토,土,ど、と,つち
칠 토,討,とう,うつ
토할 토,吐,と,はく
통할 통,通,つう、つ,とおる、とおす、かよう
거느릴 통,統,とう,すべる
아플 통,痛,つう,いたい、いたむ、いためる
통 통,筒,とう,つつ
물러날 퇴,退,たい,しりぞく、しりぞける
언덕/쌓을 퇴,堆,たい,うずたかい
던질 투,投,とう,なげる
샘낼 투,妬,と,ねたむ、ねたましい
사무칠 투,透,とう,すく、すかす、すける
싸울 투,闘,とう,たたかう
특별할 특,特,とく,
물결 파,波,は,なみ
깨뜨릴 파,破,は,やぶる、やぶれる
갈래 파,派,は,
잡을 파,把,は,
할머니 파,婆,ば,
마칠 파,罷,ひ,
언덕 판,坂,はん,さか
널빤지 판,板,はん、ばん,いた
판단할 판,判,はん、ばん,
판목 판,版,はん,
언덕 판,阪,はん,さか
팔 판,販,はん,
여덟 팔,八,はち,や、やつ、やっつ、よう
조개 패,貝,,かい
패할 패,敗,はい,やぶれる
염불 소리 패,唄,,うた
으뜸 패,覇,は,
부풀 팽,膨,ぼう,ふくらむ、ふくれる
편할 편/오줌 변,便,べん、びん,たより
엮을 편,編,へん,あむ
조각 편,片,へん,かた
치우칠 편,偏,へん,かたよる
두루 편,遍,へん,
평평할 평,平,へい、びょう,たいら、ひら
평할 평,評,ひょう,
들 평,坪,,つぼ
허파 폐,肺,はい,
대궐 섬돌 폐,陛,へい,
닫을 폐,閉,へい,しまる、しめる、とじる、とざす
버릴 폐,廃,はい,すたれる、すたる
화폐 폐,幣,へい,
폐단 폐,弊,へい,
덮을 폐,蔽,へい,
쌀 포,包,ほう,つつむ
베 포,布,ぶ,ぬの
두려워할 포,怖,ぶ,こわい
안을 포,抱,ほう,だく、いだく、かかえる
거품 포,泡,ほう,あわ
세포 포,胞,ほう,
잡을 포,捕,ほ,とらえる、とらわれる、とる、つかまえる、つかまる
대포 포,砲,ほう,
개 포,浦,ほ,うら
먹일 포,哺,ほ,
배부를 포,飽,ほう,あきる、あかす
펼/가게 포,舗,ほ,
기릴 포,褒,ほう,ほめる
사나울 폭,暴,ぼう、ばく,あばく、あばれる
폭 폭,幅,ふく,はば
불터질 폭,爆,ばく,
겉 표,表,ひょう,おもて、あらわす、あらわれる
표 표,票,ひょう,
표할 표,標,ひょう,
나누어 줄 표,俵,ひょう,たわら
떠다닐 표,漂,ひょう,ただよう
물건 품,品,ひん,しな
바람 풍,風,ふう、ふ,かぜ、かざ
풍년 풍,豊,ほう,ゆたか
가죽 피,皮,ひ,かわ
저 피,彼,ひ,かれ、かの
헤칠 피,披,ひ,
피곤할 피,疲,ひ,つかれる
입을 피,被,ひ,こうむる
피할 피,避,ひ,さける
붓 필,筆,ひつ,ふで
반드시 필,必,ひつ,かならず
짝 필,匹,ひつ,ひき
모자랄 핍,乏,ぼう,とぼしい
아래 하,下,か、げ,した、しも、もと、さげる、さがる、おりる、おろす、くだる
어찌 하,何,か,なに、なん
여름 하,夏,か、げ,なつ
멜 하,荷,か,に
물 하,河,か,かわ
하례할 하,賀,が,
배울 학,学,がく,まなぶ
모질 학,虐,ぎゃく,しいたげる
학 학,鶴,かく,つる
찰 한,寒,かん,さむい
한나라 한,漢,かん,
제한할 한,限,げん,かぎる
땀 한,汗,かん,あせ
한 한,恨,こん,うらむ、うらめしい
한가할 한,閑,かん,
나라 한,韓,かん,
벨 할,割,かつ,わる、わり、われる、さく
다스릴 할,轄,かつ,
머금을 함,含,がん,ふくむ、ふくめる
빠질 함,陥,かん,おちいる、おとしいれる
큰 배 함,艦,かん,
합할 합,合,ごう、がっ、かっ,あう、あわす、あわせる
항구 항,港,こう,みなと
배 항,航,こう,
겨룰 항,抗,こう,
항상 항,恒,こう,
항목 항,項,こう,
바다 해,海,かい,うみ
해할 해,害,がい,
풀 해,解,かい、げ,とく、とける、とかす
각출/마땅 해,該,がい,
본보기 해,楷,かい,
화할 해,諧,かい,
뼈 해,骸,がい,
꾸짖을 핵,劾,がい,
씨 핵,核,かく,
갈 행,行,こう、ぎょう、あん,いく、ゆく、おこなう
다행 행,幸,こう,さいわい、さち、しあわせ
향할 향,向,こう,むく、むかう、むける、むこう
시골 향,郷,きょう、ごう,
누릴 향,享,きょう,
향기 향,香,こう,か、かおり、かおる
울릴 향,響,きょう,ひびく
허락할 허,許,きょ,ゆるす
빌 허,虚,きょ、こ,むなしい
법 헌,憲,けん,
집 헌,軒,けん,のき
드릴 헌,献,けん、こん,
시험 험,験,けん、げん,
험할 험,険,けん,けわしい
가죽 혁,革,かく,かわ
성낼 혁,嚇,かく,
고을 현,県,けん,
나타날 현,現,げん,あらわれる、あらわす
검을 현,玄,げん,
시위 현,弦,げん,つる
뱃전 현,舷,げん,
어질 현,賢,けん,かしこい
나타날 현,顕,けん,
달 현,懸,けん、け,かける、かかる
피 혈,血,けつ,ち
구멍 혈,穴,けつ,あな
싫어할 혐,嫌,けん、げん,きらう、いや
화합할 협,協,きょう,
골짜기 협,峡,きょう,
낄 협,挟,きょう,はさむ、はさまる
좁을 협,狭,きょう,せまい、せばめる、せばまる
위협할 협,脅,きょう,おびやかす、おどす、おどかす
옆구리 협,脇,,わき
뺨 협,頬,,ほお
맏 형,兄,きょう、けい,あに、にい
모양 형,形,けい、ぎょう,かた、かたち
모형 형,型,けい,かた
형벌 형,刑,けい,
도리 형,桁,こう,けた
반딧불 형,蛍,けい,ほたる
저울대 형,衡,こう,
은혜 혜,恵,けい、え,めぐむ
집 호,戸,こ,と
이름 호,号,ごう,
호수 호,湖,こ,みずうみ
좋을 호,好,こう,すく、このむ
도울 호,護,ご,
부를 호,呼,こ,よぶ
서로 호,互,ご,たがい
범 호,虎,こ,とら
활 호,弧,こ,
호걸 호,豪,ごう,
미혹할 혹,惑,わく,まどう
심할 혹,酷,こく,
섞을 혼,混,こん,まざる、まぜる、こむ
혼인할 혼,婚,こん,
넋 혼,魂,こん,たましい
붉을 홍,紅,こう、く,べに、くれない
넓을 홍,洪,こう,
무지개 홍,虹,にじ,
불 화,火,か,ひ、ほ
꽃 화,花,か,はな
그림 화/그을 획,画,が、かく,
말씀 화,話,わ,はなす、はなし
될 화,化,か、け,ばける、ばかす
화할 화,和,わ、お,なごむ、なごやか、やわらぐ、やわらげる
재물 화,貨,か,
빛날 화,華,か、け,はなやか、はなばなしい
재앙 화,禍,か,
신발 화,靴,か,くつ
굳을 확,確,かく,たしか、たしかめる
넓힐 확,拡,かく,
거둘 확,穫,かく,
둥글 환,丸,がん,まる、まるい、まるめる
헛보일 환,幻,けん,まぼろし
근심 환,患,かん,わずらう
부를 환,喚,かん,
바꿀 환,換,かん,かえる、かわる
기쁠 환,歓,かん,
돌아올 환,還,かん,
고리 환,環,かん,
살 활,活,かつ,いかす
미끄러울 활,滑,かつ、こつ,すべる、なめらか
누를 황,黄,おう、こう,き、こ
임금 황,皇,こう、おう,
상황 황,況,きょう,
거칠 황,荒,こう,あらい、あれる、あらす
어리둥절할 황,慌,こう,あわてる、あわただしい
모일 회,会,かい、え,あう
돌 회,回,かい、え,まわる、まわす
그림 회,絵,え、かい,
재 회,灰,かい,はい
뉘우칠 회,悔,かい,くいる、くやむ、くやしい
상수리나무 회,栃,,とち
뇌물 회,賄,わい,まかなう
품을 회,懐,かい,なつかしい、なつかしむ、なつく、なつける、ふところ
얻을 획,獲,かく,える
가로 횡,横,おう,よこ
효과 효,効,こう,きく
효도 효,孝,こう,
새벽 효,暁,ぎょう,あかつき
삭힐 효,酵,こう,
뒤 후,後,ご、こう,のち、うしろ、あと、おくれる
기후 후,候,こう,そうろう
두터울 후,厚,こう,あつい
임금/왕후 후,后,こう,きさき
썩을 후,朽,きゅう,くちる
제후 후,侯,こう,
목구멍 후,喉,こう,のど
맡을 후,嗅,きゅう,かぐ
가르칠 훈,訓,くん,
공 훈,勲,くん,いさお
향 풀 훈,薫,くん,かおる
헐 훼,毀,き,こわす、こぼれる、こぼつ
휘두를 휘,揮,き,
무리 휘,彙,い,
빛날 휘,輝,き,かがやく
쉴 휴,休,きゅう,やすむ、やすまる、やすめる
이끌 휴,携,けい,たずさえる、たずさわる
가슴 흉,胸,きょう,むね、むな
흉할 흉,凶,きょう,
검을 흑,黒,こく,くろ、くろい
흔적 흔,痕,こん,あと
마실 흡,吸,きゅう,すう
일어날 흥,興,こう、きょう,おこる、おこす
바랄 희,希,き,
기쁠 희,喜,き,よろこぶ
계집 희,姫,,ひめ
놀이 희,戯,ぎ,たわむれる
희생할 희,犠,ぎ,
꾸짖을 힐,詰,きつ,つめる、つまる、つむ
(일본한자)담다,込,,こむ、こめる
(일본한자)밭,畑,,はた、はたけ
(일본한자)테두리,枠,,わく
(일본한자)고개,峠,,とうげ